experiment_id,baseline,qkd_availability_config,device_count,payload_class,network_load,n_transactions,n_success,successful_transmission_rate,key_establishment_ms_mean,key_establishment_ms_median,key_establishment_ms_p95,key_establishment_ms_ci95_low,key_establishment_ms_ci95_high,payload_encryption_ms_mean,end_to_end_ms_mean,end_to_end_ms_median,end_to_end_ms_p95,communication_overhead_bytes_mean,fallback_frequency
baseline=B1_qkd=0_devices=10_payload=medium_load=nominal_seed=113971123,B1,0.0,10,medium,nominal,500,498,0.996,0.30401720682874267,0.29295999996747923,0.3823868500319349,0.300414287152646,0.30752913654776576,0.031096652613116137,11.762556847393666,11.752060499973133,13.053815449995327,96,nan
baseline=B1_qkd=0_devices=1000_payload=medium_load=nominal_seed=2410529190,B1,0.0,1000,medium,nominal,50000,49848,0.99696,0.2961256793654123,0.28829149999864967,0.3525671000204508,0.2958024867195379,0.29644318393917896,0.03859318662734228,11.74039913176069,11.746116500052846,13.0471451500275,96,nan
baseline=B1_qkd=50_devices=10_payload=medium_load=nominal_seed=2342331444,B1,0.5,10,medium,nominal,500,500,1.0,0.28960814400045365,0.28001900000163005,0.3405432999983304,0.28641674399864314,0.2926157740001827,0.028722992002258252,11.746134176002712,11.73618199999964,13.026064649976226,96,nan
baseline=B1_qkd=50_devices=1000_payload=medium_load=nominal_seed=127978094,B1,0.5,1000,medium,nominal,50000,49856,0.99712,0.29850512223201625,0.2886165000006713,0.3714580000035994,0.29811649370188914,0.29885637487957584,0.038500084563556775,11.73660241058248,11.733824499979752,13.047835499998435,96,nan
baseline=B1_qkd=100_devices=10_payload=medium_load=nominal_seed=107420369,B1,1.0,10,medium,nominal,500,499,0.998,0.31043774949937447,0.285699000016848,0.4544942000052287,0.30285659118258784,0.3218790581166433,0.03488407615261216,11.74966933667403,11.68598700000843,13.039819599978683,96,nan
baseline=B1_qkd=100_devices=1000_payload=medium_load=nominal_seed=1051802512,B1,1.0,1000,medium,nominal,50000,49858,0.99716,0.2932039317661765,0.28444800000215764,0.35170660000574117,0.29288062385156294,0.29353341413610035,0.0376977129246879,11.735613490974309,11.743822499978164,13.038863150004772,96,nan
baseline=B2_qkd=0_devices=10_payload=medium_load=nominal_seed=1445662585,B2,0.0,10,medium,nominal,500,499,0.998,0.23442972945758356,0.22068300000910313,0.3822616999684668,0.22807525049937702,0.24050994989967972,0.030322911822530656,11.56831410019795,11.54816999998147,12.887060600016712,5581,nan
baseline=B2_qkd=0_devices=1000_payload=medium_load=nominal_seed=1136108454,B2,0.0,1000,medium,nominal,50000,49839,0.99678,0.2421885169446098,0.2208149999773923,0.39715170002523337,0.24133652862234145,0.2430489256608057,0.03990683063458576,11.689155382010062,11.690459999966894,12.993849900015642,5581,nan
baseline=B2_qkd=50_devices=10_payload=medium_load=nominal_seed=1461364854,B2,0.5,10,medium,nominal,500,499,0.998,0.23363502204373215,0.2123389999724168,0.3792392999741878,0.2271217775550539,0.24028529659408615,0.03004198997983505,11.627217308616753,11.616895000031525,12.985644599986648,5581,nan
baseline=B2_qkd=50_devices=1000_payload=medium_load=nominal_seed=1193448329,B2,0.5,1000,medium,nominal,50000,49849,0.99698,0.24680352153489718,0.22557099998721242,0.4038708000166479,0.24601859969104098,0.24759454677078743,0.04115059953069735,11.688729723224114,11.6878760000074,12.998693999982322,5581,nan
baseline=B2_qkd=100_devices=10_payload=medium_load=nominal_seed=1801823908,B2,1.0,10,medium,nominal,500,500,1.0,0.241220278001947,0.21696200002452315,0.4047521000160256,0.23450875800017457,0.24817183000232035,0.03230231600036859,11.660959074002315,11.662431499962683,12.943698050062864,5581,nan
baseline=B2_qkd=100_devices=1000_payload=medium_load=nominal_seed=1194819984,B2,1.0,1000,medium,nominal,50000,49850,0.997,0.24291025905710226,0.22119199996950556,0.4003387499864175,0.24224845097299325,0.24364097358064213,0.04054087877634816,11.687493349267754,11.689000999981637,12.996788100020561,5581,nan
baseline=B3_qkd=0_devices=10_payload=medium_load=nominal_seed=196814233,B3,0.0,10,medium,nominal,500,100,0.2,0.16139115000214588,0.1449954999941383,0.27548210003374146,0.14851682000141864,0.17523476000008031,0.03240367000103106,11.601374980003177,11.66583050001837,13.00195729997937,3309,nan
baseline=B3_qkd=0_devices=1000_payload=medium_load=nominal_seed=1242911821,B3,0.0,1000,medium,nominal,50000,100,0.002,0.18522379000103228,0.16306550000422249,0.3134042999619169,0.17190492000167978,0.19932933999655233,0.039440090001221506,11.686615560002254,11.715332500007229,12.92954819997253,3309,nan
baseline=B3_qkd=50_devices=10_payload=medium_load=nominal_seed=1259191105,B3,0.5,10,medium,nominal,500,345,0.69,0.17620897391172574,0.14602999999624444,0.34915080001383114,0.1676924057937538,0.18550612463593058,0.031210846376272482,11.689079089853216,11.721693000001022,12.957872200053423,3309,nan
baseline=B3_qkd=50_devices=1000_payload=medium_load=nominal_seed=1553210608,B3,0.5,1000,medium,nominal,50000,25018,0.50036,0.17332621948211435,0.15212400001018977,0.32242544998553047,0.17236199928063572,0.17428842829169042,0.038470625829304446,11.613614316252342,11.61206349998268,12.923617900004192,3309,nan
baseline=B3_qkd=100_devices=10_payload=medium_load=nominal_seed=186618211,B3,1.0,10,medium,nominal,500,497,0.994,0.16302005834954458,0.14251800001829906,0.2946667999822239,0.15717062172831026,0.16959592756418868,0.02778335815032248,11.586954917505903,11.585015999982511,12.833913199962364,3309,nan
baseline=B3_qkd=100_devices=1000_payload=medium_load=nominal_seed=1625792787,B3,1.0,1000,medium,nominal,50000,49839,0.99678,0.16650221501242213,0.1451670000278682,0.31204290000346185,0.16586689355737505,0.1671980745199721,0.03693735769183847,11.607586930074994,11.604819000011194,12.915883500022522,3309,nan
baseline=B4_qkd=0_devices=10_payload=medium_load=nominal_seed=2294113287,B4,0.0,10,medium,nominal,500,100,0.2,0.27516107999417727,0.24679199998445256,0.46309284994094924,0.2574543799960338,0.29426921998606304,0.03349702999798865,11.749262269992165,11.782032499991546,12.924158599869267,5581,nan
baseline=B4_qkd=0_devices=1000_payload=medium_load=nominal_seed=1051454923,B4,0.0,1000,medium,nominal,50000,100,0.002,0.2617903700024726,0.24416799993787208,0.4124538500263952,0.2472991400122737,0.2789107900059662,0.036610750011050186,11.581320000013523,11.576308500019257,12.88165789991794,5581,nan
baseline=B4_qkd=50_devices=10_payload=medium_load=nominal_seed=1146660997,B4,0.5,10,medium,nominal,500,344,0.688,0.2634267703484408,0.24507449998623088,0.4235934999798015,0.25602137209166015,0.27191630813677575,0.03209909883949205,11.688489125001887,11.718672499994128,12.98246809996936,5581,nan
baseline=B4_qkd=50_devices=1000_payload=medium_load=nominal_seed=2783290795,B4,0.5,1000,medium,nominal,50000,25033,0.50066,0.2887495395279568,0.26711800001066877,0.4583389999652353,0.28753516925639644,0.2898744898736009,0.042798738145771544,11.731865574681677,11.731617000045873,13.039516799955397,5581,nan
baseline=B4_qkd=100_devices=10_payload=medium_load=nominal_seed=1193887545,B4,1.0,10,medium,nominal,500,499,0.998,0.2555706613208543,0.23384699994721814,0.4007514999841532,0.24882945290230368,0.2622450921824006,0.032112278556915425,11.680974771541097,11.67791300001687,12.950668599972813,5581,nan
baseline=B4_qkd=100_devices=1000_payload=medium_load=nominal_seed=1566942273,B4,1.0,1000,medium,nominal,50000,49850,0.997,0.2625928690470869,0.24006350000149723,0.42709630000672405,0.26179124904724843,0.26341451709120206,0.03964853183541149,11.703162932517403,11.70123500001186,13.013917299969442,5581,nan
baseline=B5_qkd=0_devices=10_payload=medium_load=nominal_seed=2436019774,B5,0.0,10,medium,nominal,500,497,0.994,40.23584506036234,50.338283000019146,50.58947020004325,38.43180977263567,42.14495200000021,0.030963511068639895,51.64600409658188,61.41905200001445,63.07754759997739,8890,0.85
baseline=B5_qkd=0_devices=1000_payload=medium_load=nominal_seed=1351531223,B5,0.0,1000,medium,nominal,50000,49842,0.99684,47.876812028730804,50.38431450002463,50.62925044994131,47.783289387223796,47.968770972212795,0.04322735084870071,59.324367101260016,61.78519249999546,63.16042345005017,8890,0.9985
baseline=B5_qkd=50_devices=10_payload=medium_load=nominal_seed=137869475,B5,0.5,10,medium,nominal,500,499,0.998,32.889362655313306,50.33228799998142,50.6337688000599,30.78233755110471,34.89999137675677,0.03256492985776517,44.24494558917909,60.95701400009201,62.994392299980206,8890,0.032
baseline=B5_qkd=50_devices=1000_payload=medium_load=nominal_seed=1149938334,B5,0.5,1000,medium,nominal,50000,49862,0.99724,45.583198124523356,50.38673099999187,50.625865950058824,45.459892669126674,45.70661362498468,0.04030593046808613,57.02437689507006,61.71148650002151,63.15968680003409,8890,0.047
baseline=B5_qkd=100_devices=10_payload=medium_load=nominal_seed=2392080953,B5,1.0,10,medium,nominal,500,496,0.992,0.438004221775699,0.41573250001647466,0.6727202500371732,0.4277151350806211,0.4486418245986193,0.03321388911126816,11.834686723790194,11.875062999908392,13.154204499890138,8890,0.0
baseline=B5_qkd=100_devices=1000_payload=medium_load=nominal_seed=1392783743,B5,1.0,1000,medium,nominal,50000,49865,0.9973,0.43228817609548614,0.4070950000141238,0.6583866000255512,0.4312045743910622,0.4333999868847385,0.04061908743598259,11.87673960124329,11.875839999864372,13.1829634000541,8890,0.0
