section,subsection,citation_key,tier,claim_text
Introduction,,nist2024fips203,STD,"This long retention horizon is precisely what makes EHR traffic a target for the ``harvest-now, decrypt-later'' (HNDL) threat: an adversary who cannot break today's encryption can still record the ciphertext now and decrypt it later, once a cryptographically relevant quantum computer (CRQC) capab..."
Introduction,,nist2024fips203,STD,"Post-Quantum Cryptography (PQC) replaces number-theoretic hardness assumptions (factoring, discrete log) with problems believed hard even for a quantum computer, most prominently lattice problems underlying the NIST-standardized ML-KEM key-encapsulation mechanism and ML-DSA signature scheme~."
Introduction,,nist2024fips204,STD,"Post-Quantum Cryptography (PQC) replaces number-theoretic hardness assumptions (factoring, discrete log) with problems believed hard even for a quantum computer, most prominently lattice problems underlying the NIST-standardized ML-KEM key-encapsulation mechanism and ML-DSA signature scheme~."
Introduction,,clason2026deployed,S,"QKD is real and field-deployed --- a 300\,km trusted-node network has been reported in operation~ --- but it is also a bounded, rate-limited physical resource: fiber loss limits distance, key-generation rate is finite, and the channel itself can be degraded or interrupted by conditions outside an..."
Introduction,Motivating Scenario,zhu2025technoeconomic,S,"A closely related mechanism has been evaluated for power-grid communications~, and hybrid QKD-PQC deployments for healthcare data exist in the literature~, but the specific combination --- adaptive fallback, tested against EHR transaction semantics that distinguish routine from emergency access, ..."
Introduction,Motivating Scenario,devaraj2026postquantum,V,"A closely related mechanism has been evaluated for power-grid communications~, and hybrid QKD-PQC deployments for healthcare data exist in the literature~, but the specific combination --- adaptive fallback, tested against EHR transaction semantics that distinguish routine from emergency access, ..."
Introduction,Motivating Scenario,roosan2025pqctelehealth,S,"A closely related mechanism has been evaluated for power-grid communications~, and hybrid QKD-PQC deployments for healthcare data exist in the literature~, but the specific combination --- adaptive fallback, tested against EHR transaction semantics that distinguish routine from emergency access, ..."
Introduction,Motivating Scenario,papadopoulos2026hybriddeployment,S,"A closely related mechanism has been evaluated for power-grid communications~, and hybrid QKD-PQC deployments for healthcare data exist in the literature~, but the specific combination --- adaptive fallback, tested against EHR transaction semantics that distinguish routine from emergency access, ..."
Background,"The Harvest-Now, Decrypt-Later Threat",shor1997factoring,S,"Public-key cryptography deployed today --- RSA, elliptic-curve Diffie-Hellman, and their relatives --- derives its security from computational problems (integer factorization, the discrete logarithm problem) that are believed intractable for classical computers but that a sufficiently large, faul..."
Background,"The Harvest-Now, Decrypt-Later Threat",mosca2018cybersecurity,S,"Mosca formalized the risk condition underlying this strategy as a simple inequality --- often called Mosca's theorem --- comparing the time data must remain confidential ($X$), the time required to migrate an entire system to quantum-safe cryptography ($Y$), and the time until a CRQC arrives ($Z$..."
Background,"The Harvest-Now, Decrypt-Later Threat",hndltimemodel2025,S,"A more formal, explicitly time-dependent HNDL threat and migration model built on this same reasoning has since been proposed~, and an IoT-specific refinement of Mosca's theorem highlights how a heterogeneous device population --- some fielded far longer than others --- complicates the single-$Y$..."
Background,"The Harvest-Now, Decrypt-Later Threat",moscarefinediot2022,S,"A more formal, explicitly time-dependent HNDL threat and migration model built on this same reasoning has since been proposed~, and an IoT-specific refinement of Mosca's theorem highlights how a heterogeneous device population --- some fielded far longer than others --- complicates the single-$Y$..."
Background,"The Harvest-Now, Decrypt-Later Threat",gri2025timelinereport,S,"Expert-survey-based CRQC timeline estimates are updated periodically; the Global Risk Institute's most recent annual survey of quantum-computing experts continues to report a non-trivial probability of a CRQC materializing within the next one to two decades~, broadly consistent with independent q..."
Background,"The Harvest-Now, Decrypt-Later Threat",forecastingqctimelines2020,S,"Expert-survey-based CRQC timeline estimates are updated periodically; the Global Risk Institute's most recent annual survey of quantum-computing experts continues to report a non-trivial probability of a CRQC materializing within the next one to two decades~, broadly consistent with independent q..."
Background,Post-Quantum Cryptography,bos2018kyber,S,"The NIST post-quantum cryptography standardization process selected ML-KEM (based on the Module Learning-With-Errors problem over a structured lattice, originally submitted as CRYSTALS-Kyber~) as its primary key-encapsulation mechanism, standardized as FIPS 203~, and ML-DSA (based on the related ..."
Background,Post-Quantum Cryptography,nist2024fips203,STD,"The NIST post-quantum cryptography standardization process selected ML-KEM (based on the Module Learning-With-Errors problem over a structured lattice, originally submitted as CRYSTALS-Kyber~) as its primary key-encapsulation mechanism, standardized as FIPS 203~, and ML-DSA (based on the related ..."
Background,Post-Quantum Cryptography,ducas2018dilithium,S,"The NIST post-quantum cryptography standardization process selected ML-KEM (based on the Module Learning-With-Errors problem over a structured lattice, originally submitted as CRYSTALS-Kyber~) as its primary key-encapsulation mechanism, standardized as FIPS 203~, and ML-DSA (based on the related ..."
Background,Post-Quantum Cryptography,nist2024fips204,STD,"The NIST post-quantum cryptography standardization process selected ML-KEM (based on the Module Learning-With-Errors problem over a structured lattice, originally submitted as CRYSTALS-Kyber~) as its primary key-encapsulation mechanism, standardized as FIPS 203~, and ML-DSA (based on the related ..."
Background,Post-Quantum Cryptography,fouque2020falcon,S,"NIST selected two further signature schemes alongside ML-DSA for standardization diversity: FALCON, a compact NTRU-lattice-based scheme trading smaller signatures for a more complex, floating-point-dependent signing procedure~; and SPHINCS+, a conservative hash-based scheme whose security rests o..."
Background,Post-Quantum Cryptography,bernstein2019sphincsplus,S,"NIST selected two further signature schemes alongside ML-DSA for standardization diversity: FALCON, a compact NTRU-lattice-based scheme trading smaller signatures for a more complex, floating-point-dependent signing procedure~; and SPHINCS+, a conservative hash-based scheme whose security rests o..."
Background,Post-Quantum Cryptography,aguilarmelchor2018hqc,S,"Beyond the lattice family, NIST's fourth standardization round selected HQC, a code-based KEM built on the syndrome-decoding problem~, as an algorithmically independent fallback in case a future cryptanalytic advance were to compromise lattice-based assumptions specifically; BIKE, a related code-..."
Background,Post-Quantum Cryptography,bikesuite2024spec,S,"Beyond the lattice family, NIST's fourth standardization round selected HQC, a code-based KEM built on the syndrome-decoding problem~, as an algorithmically independent fallback in case a future cryptanalytic advance were to compromise lattice-based assumptions specifically; BIKE, a related code-..."
Background,Post-Quantum Cryptography,nist2025pqcround4status,S,"Beyond the lattice family, NIST's fourth standardization round selected HQC, a code-based KEM built on the syndrome-decoding problem~, as an algorithmically independent fallback in case a future cryptanalytic advance were to compromise lattice-based assumptions specifically; BIKE, a related code-..."
Background,Quantum Key Distribution,bennett1984bb84,S,"The foundational protocol realizing this idea, BB84, was introduced by Bennett and Brassard in 1984~; subsequent protocol variants have targeted specific practical weaknesses rather than replacing the core idea --- decoy-state methods close a side-channel arising from real, non-single-photon lase..."
Background,Quantum Key Distribution,lo2005decoystate,S,"The foundational protocol realizing this idea, BB84, was introduced by Bennett and Brassard in 1984~; subsequent protocol variants have targeted specific practical weaknesses rather than replacing the core idea --- decoy-state methods close a side-channel arising from real, non-single-photon lase..."
Background,Quantum Key Distribution,mdi2025asymmetric,S,"The foundational protocol realizing this idea, BB84, was introduced by Bennett and Brassard in 1984~; subsequent protocol variants have targeted specific practical weaknesses rather than replacing the core idea --- decoy-state methods close a side-channel arising from real, non-single-photon lase..."
Background,Quantum Key Distribution,mdi2025freqcomb,S,"The foundational protocol realizing this idea, BB84, was introduced by Bennett and Brassard in 1984~; subsequent protocol variants have targeted specific practical weaknesses rather than replacing the core idea --- decoy-state methods close a side-channel arising from real, non-single-photon lase..."
Background,Quantum Key Distribution,tfqkd2024longdist,S,"The foundational protocol realizing this idea, BB84, was introduced by Bennett and Brassard in 1984~; subsequent protocol variants have targeted specific practical weaknesses rather than replacing the core idea --- decoy-state methods close a side-channel arising from real, non-single-photon lase..."
Background,Quantum Key Distribution,tfqkd2023nofreqdissem,S,"The foundational protocol realizing this idea, BB84, was introduced by Bennett and Brassard in 1984~; subsequent protocol variants have targeted specific practical weaknesses rather than replacing the core idea --- decoy-state methods close a side-channel arising from real, non-single-photon lase..."
Background,Quantum Key Distribution,qkd2024satellite,S,"First, QKD requires dedicated physical infrastructure --- typically fiber-optic links, though free-space and satellite variants exist~ --- that a purely software-based PQC deployment does not."
Background,Quantum Key Distribution,clason2026deployed,S,"Second, the achievable key-generation rate falls off with distance due to photon loss in the transmission medium, which bounds both the rate and the practical range of a QKD link; a real, field-deployed trusted-node network operating over 300\,km has been reported~, and further field deployments ..."
Background,Quantum Key Distribution,qkd2020trustednodefree,S,"Second, the achievable key-generation rate falls off with distance due to photon loss in the transmission medium, which bounds both the rate and the practical range of a QKD link; a real, field-deployed trusted-node network operating over 300\,km has been reported~, and further field deployments ..."
Background,Quantum Key Distribution,qkd2026multinode,S,"Second, the achievable key-generation rate falls off with distance due to photon loss in the transmission medium, which bounds both the rate and the practical range of a QKD link; a real, field-deployed trusted-node network operating over 300\,km has been reported~, and further field deployments ..."
Background,Quantum Key Distribution,qkd2026metrofield,S,"Second, the achievable key-generation rate falls off with distance due to photon loss in the transmission medium, which bounds both the rate and the practical range of a QKD link; a real, field-deployed trusted-node network operating over 300\,km has been reported~, and further field deployments ..."
Background,Quantum Key Distribution,atutxasanz2025authentication,S,"Third, and most directly relevant to this paper's central mechanism, QKD's classical control channel --- which carries the sifting, error-correction, and privacy-amplification traffic the protocol needs to distill a final secret key from raw quantum measurements --- is not itself protected by the..."
Background,Quantum Key Distribution,nsa2021qkdfaq,S,"National Security Agency's publicly stated skepticism toward QKD for national-security use, documented in the agency's own public FAQ on quantum computing and post-quantum cryptography~: the requirement for dedicated infrastructure, susceptibility to denial-of-service through physical channel dis..."
Background,Quantum Key Distribution,etsi2018whitepaper27,S,"This is not a universally shared institutional position --- the European Telecommunications Standards Institute has published its own technical assessment of QKD's implementation security taking a materially more favorable view of QKD's practical deployability~, consistent with the European Union..."
Background,Quantum Key Distribution,euroqci2026shield,S,"This is not a universally shared institutional position --- the European Telecommunications Standards Institute has published its own technical assessment of QKD's implementation security taking a materially more favorable view of QKD's practical deployability~, consistent with the European Union..."
Background,Quantum Key Distribution,euroqci2026sizing,S,"This is not a universally shared institutional position --- the European Telecommunications Standards Institute has published its own technical assessment of QKD's implementation security taking a materially more favorable view of QKD's practical deployability~, consistent with the European Union..."
Background,Quantum Key Distribution,terraquantum2023nsarebuttal,S,"Independent, non-institutional analyses have engaged directly with the NSA's specific objections~ and have compared deployed QKD use cases against PQC on their respective merits rather than treating the choice as settled in either direction~; NIST's own post-quantum migration guidance, meanwhile,..."
Background,Quantum Key Distribution,qkdvspqccritical2025,S,"Independent, non-institutional analyses have engaged directly with the NSA's specific objections~ and have compared deployed QKD use cases against PQC on their respective merits rather than treating the choice as settled in either direction~; NIST's own post-quantum migration guidance, meanwhile,..."
Background,Quantum Key Distribution,nist2023sp180038,S,"Independent, non-institutional analyses have engaged directly with the NSA's specific objections~ and have compared deployed QKD use cases against PQC on their respective merits rather than treating the choice as settled in either direction~; NIST's own post-quantum migration guidance, meanwhile,..."
Background,Quantum Key Distribution,kabanov2018practical,S,"Combining QKD with a computationally secure key rather than relying on QKD output alone is not itself a new idea in enterprise security planning: Kabanov et al.\ describe a general master-key/session-key hybrid architecture for combining QKD with classical (and, by extension, post-quantum) crypto..."
Background,Symmetric Cryptography Under Quantum Threat,grassl2016groveraes,S,"Grover's algorithm gives a quantum adversary a quadratic, not exponential, speedup against symmetric-key brute-force search, which is why doubling the key length (128-bit security under Grover against a 256-bit key, matching AES-256's target classical security level of 256 bits) is generally cons..."
Background,Symmetric Cryptography Under Quantum Threat,groveroraclesaes2020,S,"Grover's algorithm gives a quantum adversary a quadratic, not exponential, speedup against symmetric-key brute-force search, which is why doubling the key length (128-bit security under Grover against a 256-bit key, matching AES-256's target classical security level of 256 bits) is generally cons..."
Background,Symmetric Cryptography Under Quantum Threat,quantumindcpaaead2025,S,"A formal quantum IND-CPA security treatment of AEAD constructions specifically~ and the IETF's own systematized statement of AEAD security properties~ both support treating AES-256-GCM as the appropriate, standards-grounded choice for this paper's payload-encryption layer; a construction combinin..."
Background,Symmetric Cryptography Under Quantum Threat,ietf2025rfc9771,S,"A formal quantum IND-CPA security treatment of AEAD constructions specifically~ and the IETF's own systematized statement of AEAD security properties~ both support treating AES-256-GCM as the appropriate, standards-grounded choice for this paper's payload-encryption layer; a construction combinin..."
Background,Symmetric Cryptography Under Quantum Threat,mlkemmldsaaes2025,S,"A formal quantum IND-CPA security treatment of AEAD constructions specifically~ and the IETF's own systematized statement of AEAD security properties~ both support treating AES-256-GCM as the appropriate, standards-grounded choice for this paper's payload-encryption layer; a construction combinin..."
Background,6G-Edge Computing for Healthcare,darzi2024counterdos,V,"Post-quantum primitives are already being deployed in other NextG wireless-adjacent security contexts beyond this paper's own EHR focus: Darzi and Yavuz report a real ML-KEM/ML-DSA-based (Kyber/Dilithium, in their terminology) counter-denial-of-service and privacy framework for 5G/6G spectrum acc..."
Related Work and Research Gap,Literature Verification Note,devaraj2026postquantum,V,"Three sources () were independently confirmed via resolved DOI and, in one case, full-text retrieval."
Related Work and Research Gap,Literature Verification Note,frontiers2026pqchealthcare,V,"Three sources () were independently confirmed via resolved DOI and, in one case, full-text retrieval."
Related Work and Research Gap,Literature Verification Note,mdpi2026iomtauth,V,"Three sources () were independently confirmed via resolved DOI and, in one case, full-text retrieval."
Related Work and Research Gap,Literature Verification Note,roosan2025pqctelehealth,S,"A further set of sources --- --- were located via live web search with real, specific titles, authors (where available), and venues identified, but were not independently re-verified against full text at publication-grade confidence."
Related Work and Research Gap,Literature Verification Note,papadopoulos2026hybriddeployment,S,"A further set of sources --- --- were located via live web search with real, specific titles, authors (where available), and venues identified, but were not independently re-verified against full text at publication-grade confidence."
Related Work and Research Gap,Literature Verification Note,spooren2026pqcenhanced,S,"A further set of sources --- --- were located via live web search with real, specific titles, authors (where available), and venues identified, but were not independently re-verified against full text at publication-grade confidence."
Related Work and Research Gap,Literature Verification Note,atutxasanz2025authentication,S,"A further set of sources --- --- were located via live web search with real, specific titles, authors (where available), and venues identified, but were not independently re-verified against full text at publication-grade confidence."
Related Work and Research Gap,Literature Verification Note,zhu2025technoeconomic,S,"A further set of sources --- --- were located via live web search with real, specific titles, authors (where available), and venues identified, but were not independently re-verified against full text at publication-grade confidence."
Related Work and Research Gap,Literature Verification Note,mahesh2025pcbqc,S,"A further set of sources --- --- were located via live web search with real, specific titles, authors (where available), and venues identified, but were not independently re-verified against full text at publication-grade confidence."
Related Work and Research Gap,Literature Verification Note,maqsood2025enhancing,S,"A further set of sources --- --- were located via live web search with real, specific titles, authors (where available), and venues identified, but were not independently re-verified against full text at publication-grade confidence."
Related Work and Research Gap,Literature Verification Note,anon2026securemedical,S,"A further set of sources --- --- were located via live web search with real, specific titles, authors (where available), and venues identified, but were not independently re-verified against full text at publication-grade confidence."
Related Work and Research Gap,Literature Verification Note,kudaloor2026towardquantumsafe,S,"A further set of sources --- --- were located via live web search with real, specific titles, authors (where available), and venues identified, but were not independently re-verified against full text at publication-grade confidence."
Related Work and Research Gap,Literature Verification Note,clason2026deployed,S,"A further set of sources --- --- were located via live web search with real, specific titles, authors (where available), and venues identified, but were not independently re-verified against full text at publication-grade confidence."
Related Work and Research Gap,Post-Quantum and Hybrid QKD-PQC Security for Healthcare,devaraj2026postquantum,V,"Devaraj et al.\ propose a multi-layered PQC architecture (ML-KEM and ML-DSA-class primitives) for 6G-enabled smart hospitals~; this is the most directly comparable prior architecture we identified, though it is PQC-only and does not incorporate a QKD component."
Related Work and Research Gap,Post-Quantum and Hybrid QKD-PQC Security for Healthcare,frontiers2026pqchealthcare,V,"A broader review of post-quantum cryptography for healthcare data, connected devices, and digital health infrastructure appears in~, and a systematic review of post-quantum authentication specifically for the Internet of Medical Things (IoMT), screening 63 studies, appears in~."
Related Work and Research Gap,Post-Quantum and Hybrid QKD-PQC Security for Healthcare,mdpi2026iomtauth,V,"A broader review of post-quantum cryptography for healthcare data, connected devices, and digital health infrastructure appears in~, and a systematic review of post-quantum authentication specifically for the Internet of Medical Things (IoMT), screening 63 studies, appears in~."
Related Work and Research Gap,Post-Quantum and Hybrid QKD-PQC Security for Healthcare,roosan2025pqctelehealth,S,Roosan et al.\ describe a DAG-blockchain architecture integrating PQC and QKD with privacy-preserving mechanisms for telehealth patient records~.
Related Work and Research Gap,Post-Quantum and Hybrid QKD-PQC Security for Healthcare,papadopoulos2026hybriddeployment,S,"Papadopoulos et al.\ report a practical, field-piloted deployment of hybrid QKD and PQC for off-site hospital data over a real QKD link (reported as built on the HellasQCI/EuroQCI infrastructure)~ --- a real deployment, not a simulation, though the fallback behavior of that deployment under QKD c..."
Related Work and Research Gap,Post-Quantum and Hybrid QKD-PQC Security for Healthcare,anon2026securemedical,S,"A further field-deployed report describes secure medical data transmission over a 140\,km real-world fiber network combining entanglement-based QKD with end-to-end PQC authentication~."
Related Work and Research Gap,Post-Quantum and Hybrid QKD-PQC Security for Healthcare,mahesh2025pcbqc,S,"Beyond healthcare, Mahesh and Mishra propose a patient-centric EHR system using multiple combined lattice-based PQC algorithms on a blockchain substrate~; this is PQC-only, with no QKD component."
Related Work and Research Gap,Post-Quantum and Hybrid QKD-PQC Security for Healthcare,maqsood2025enhancing,S,"Maqsood et al.\ evaluate PQC schemes (including a lattice-based KEM and a hash-based signature scheme) specifically for resource-constrained wearable IoMT devices, with real hardware benchmarking~ --- a hardware feasibility study, distinct in kind from the simulation-based evaluation in this pape..."
Related Work and Research Gap,Additional Healthcare-Specific PQC and QKD Literature,kyberphr2025,S,On the PQC-for-healthcare side: ML-KEM has been applied specifically to personal health record encryption in cloud settings~; broader roadmaps for post-quantum healthcare cybersecurity resilience~ and systematic reviews combining blockchain and quantum-safe techniques for e-health~ survey the spa...
Related Work and Research Gap,Additional Healthcare-Specific PQC and QKD Literature,pqhealthcareroadmap2024,S,On the PQC-for-healthcare side: ML-KEM has been applied specifically to personal health record encryption in cloud settings~; broader roadmaps for post-quantum healthcare cybersecurity resilience~ and systematic reviews combining blockchain and quantum-safe techniques for e-health~ survey the spa...
Related Work and Research Gap,Additional Healthcare-Specific PQC and QKD Literature,blockchainquantumehealth2025,S,On the PQC-for-healthcare side: ML-KEM has been applied specifically to personal health record encryption in cloud settings~; broader roadmaps for post-quantum healthcare cybersecurity resilience~ and systematic reviews combining blockchain and quantum-safe techniques for e-health~ survey the spa...
Related Work and Research Gap,Additional Healthcare-Specific PQC and QKD Literature,alif2024healthcareiot,S,On the PQC-for-healthcare side: ML-KEM has been applied specifically to personal health record encryption in cloud settings~; broader roadmaps for post-quantum healthcare cybersecurity resilience~ and systematic reviews combining blockchain and quantum-safe techniques for e-health~ survey the spa...
Related Work and Research Gap,Additional Healthcare-Specific PQC and QKD Literature,pqcaie2024,S,On the PQC-for-healthcare side: ML-KEM has been applied specifically to personal health record encryption in cloud settings~; broader roadmaps for post-quantum healthcare cybersecurity resilience~ and systematic reviews combining blockchain and quantum-safe techniques for e-health~ survey the spa...
Related Work and Research Gap,Additional Healthcare-Specific PQC and QKD Literature,mfaiomt2024,S,On the PQC-for-healthcare side: ML-KEM has been applied specifically to personal health record encryption in cloud settings~; broader roadmaps for post-quantum healthcare cybersecurity resilience~ and systematic reviews combining blockchain and quantum-safe techniques for e-health~ survey the spa...
Related Work and Research Gap,Additional Healthcare-Specific PQC and QKD Literature,blockchainlatticeehr2025,S,On the PQC-for-healthcare side: ML-KEM has been applied specifically to personal health record encryption in cloud settings~; broader roadmaps for post-quantum healthcare cybersecurity resilience~ and systematic reviews combining blockchain and quantum-safe techniques for e-health~ survey the spa...
Related Work and Research Gap,Additional Healthcare-Specific PQC and QKD Literature,southafricaehr2025,S,On the PQC-for-healthcare side: ML-KEM has been applied specifically to personal health record encryption in cloud settings~; broader roadmaps for post-quantum healthcare cybersecurity resilience~ and systematic reviews combining blockchain and quantum-safe techniques for e-health~ survey the spa...
Related Work and Research Gap,Additional Healthcare-Specific PQC and QKD Literature,edgenativefederatediomt2026,S,"An edge-native federated-learning approach to securing IoMT in the post-quantum era~ is architecturally close to this paper's own edge-gateway placement of cryptographic logic (Section~\ref{sec:architecture}), though it addresses federated model training rather than EHR transaction \keyest."
Related Work and Research Gap,Additional Healthcare-Specific PQC and QKD Literature,hybridmedicalimage2024,S,On the QKD-for-medical-data side: hybrid quantum-classical encryption has been proposed for medical image transmission in IoT-based telemedicine networks~; QKD-derived keys have been combined with blockchain for medical-data privacy and sharing~; and earlier work explored quantum-representation-b...
Related Work and Research Gap,Additional Healthcare-Specific PQC and QKD Literature,quantumkeymedicalblockchain2025,S,On the QKD-for-medical-data side: hybrid quantum-classical encryption has been proposed for medical image transmission in IoT-based telemedicine networks~; QKD-derived keys have been combined with blockchain for medical-data privacy and sharing~; and earlier work explored quantum-representation-b...
Related Work and Research Gap,Additional Healthcare-Specific PQC and QKD Literature,secmedicalimage2021,S,On the QKD-for-medical-data side: hybrid quantum-classical encryption has been proposed for medical image transmission in IoT-based telemedicine networks~; QKD-derived keys have been combined with blockchain for medical-data privacy and sharing~; and earlier work explored quantum-representation-b...
Related Work and Research Gap,Additional Healthcare-Specific PQC and QKD Literature,noninvasivepqcmedimage2026,S,On the QKD-for-medical-data side: hybrid quantum-classical encryption has been proposed for medical image transmission in IoT-based telemedicine networks~; QKD-derived keys have been combined with blockchain for medical-data privacy and sharing~; and earlier work explored quantum-representation-b...
Related Work and Research Gap,Additional Healthcare-Specific PQC and QKD Literature,sustainablemobileqkdpqc2024,S,"Two further sources connect QKD/PQC specifically to mobile and 5G/6G-adjacent transport: a combined QKD-with-PQC design for sustainable mobile network architectures~, and an IPsec-over-QKD proposal for adapting non-3GPP access to 5G networks~."
Related Work and Research Gap,Additional Healthcare-Specific PQC and QKD Literature,ipsecqkd5g2026,S,"Two further sources connect QKD/PQC specifically to mobile and 5G/6G-adjacent transport: a combined QKD-with-PQC design for sustainable mobile network architectures~, and an IPsec-over-QKD proposal for adapting non-3GPP access to 5G networks~."
Related Work and Research Gap,Additional Healthcare-Specific PQC and QKD Literature,lightweightmedicaliot2023,S,"On resource-constrained medical devices specifically, lightweight post-quantum authentication has been proposed for medical Internet-of-Things deployments~, and a fog-computing-assisted lightweight PQC scheme has been proposed for the broader Internet of Health Things~ --- both relevant to, thoug..."
Related Work and Research Gap,Additional Healthcare-Specific PQC and QKD Literature,iohtfog2025,S,"On resource-constrained medical devices specifically, lightweight post-quantum authentication has been proposed for medical Internet-of-Things deployments~, and a fog-computing-assisted lightweight PQC scheme has been proposed for the broader Internet of Health Things~ --- both relevant to, thoug..."
Related Work and Research Gap,QKD Classical-Channel Authentication and QKD Deployment,atutxasanz2025authentication,S,"This choice is grounded in Atutxa, Sanz, and colleagues' finding that a QKD deployment's classical channel requires authentication independent of the QKD protocol's own physical-layer security, in the context of a multi-site 5G/6G quantum-safe network~."
Related Work and Research Gap,QKD Classical-Channel Authentication and QKD Deployment,clason2026deployed,S,"On QKD's physical deployment characteristics, Clason et al.\ report a deployed trusted-node QKD network operating over 300\,km with a multi-site topology~."
Related Work and Research Gap,QKD Classical-Channel Authentication and QKD Deployment,kudaloor2026towardquantumsafe,S,"Kudaloor and Aijaz report an experimental evaluation of post-quantum cryptography intended for 6G contexts~, consistent with this paper's use of ML-KEM/ML-DSA as the PQC layer, though their evaluation is not EHR-specific."
Related Work and Research Gap,6G Security Architecture and 6G-Edge Healthcare,sixgsecuritysurveyjnca2024,S,Broad requirements-and-security surveys of the anticipated 6G landscape~ and layer-by-layer treatments separating 6G's physical-connection and service-layer security concerns~ together motivate this paper's own decision (Section~\ref{sec:sixg}) to model the 6G-edge network purely as a latency/thr...
Related Work and Research Gap,6G Security Architecture and 6G-Edge Healthcare,sixgsecprivacysurvey2021,S,Broad requirements-and-security surveys of the anticipated 6G landscape~ and layer-by-layer treatments separating 6G's physical-connection and service-layer security concerns~ together motivate this paper's own decision (Section~\ref{sec:sixg}) to model the 6G-edge network purely as a latency/thr...
Related Work and Research Gap,6G Security Architecture and 6G-Edge Healthcare,sixgsecuritylayers2025,S,Broad requirements-and-security surveys of the anticipated 6G landscape~ and layer-by-layer treatments separating 6G's physical-connection and service-layer security concerns~ together motivate this paper's own decision (Section~\ref{sec:sixg}) to model the 6G-edge network purely as a latency/thr...
Related Work and Research Gap,6G Security Architecture and 6G-Edge Healthcare,sixgedgesecurity2023,S,"Edge-specific security surveys, covering both the anticipated 6G network edge~ and the more mature, directly precedent 5G multi-access edge computing (MEC) security literature~, support this paper's placement of PQC and adaptive key-establishment logic at the Healthcare Edge Gateway (Section~\ref..."
Related Work and Research Gap,6G Security Architecture and 6G-Edge Healthcare,mecsecuritysurvey2021,S,"Edge-specific security surveys, covering both the anticipated 6G network edge~ and the more mature, directly precedent 5G multi-access edge computing (MEC) security literature~, support this paper's placement of PQC and adaptive key-establishment logic at the Healthcare Edge Gateway (Section~\ref..."
Related Work and Research Gap,6G Security Architecture and 6G-Edge Healthcare,pqc6gphysicallayer2024,S,"A physical-layer security scheme specifically combining 6G wireless transmission with PQC has also been proposed~, addressing a layer below this paper's own application-layer PQC placement, and a survey of zero-trust architecture applied to 6G networks~ directly parallels the zero-trust framing t..."
Related Work and Research Gap,6G Security Architecture and 6G-Edge Healthcare,zerotrust6gsurvey2024,S,"A physical-layer security scheme specifically combining 6G wireless transmission with PQC has also been proposed~, addressing a layer below this paper's own application-layer PQC placement, and a survey of zero-trust architecture applied to 6G networks~ directly parallels the zero-trust framing t..."
Related Work and Research Gap,6G Security Architecture and 6G-Edge Healthcare,pqcmobileresilience2026,S,"Beyond the wireless-security literature specifically, PQC integration into mobile-network resilience more broadly is an active area~, and a decentralized, blockchain-based architecture for edge-based IoMT networks~ offers an alternative edge-healthcare architecture pattern --- blockchain-mediated..."
Related Work and Research Gap,6G Security Architecture and 6G-Edge Healthcare,bedgehealth2021,S,"Beyond the wireless-security literature specifically, PQC integration into mobile-network resilience more broadly is an active area~, and a decentralized, blockchain-based architecture for edge-based IoMT networks~ offers an alternative edge-healthcare architecture pattern --- blockchain-mediated..."
Related Work and Research Gap,Adaptive Fallback in Critical Infrastructure,zhu2025technoeconomic,S,"The single closest prior evaluation methodology we identified is Zhu's techno-economic feasibility analysis of QKD for power-system communications~, which evaluates QKD-only, PQC-only, and hybrid modes against power-grid traffic (GOOSE/PMU-class messages) using stochastic modeling, with fallback ..."
Related Work and Research Gap,Adaptive Fallback in Critical Infrastructure,spooren2026pqcenhanced,S,"Spooren et al.\ describe a layered WireGuard-and-Rosenpass construction operating over an ETSI QKD API with an explicit fail-safe design for a generic multi-hop network, evaluated in a lab testbed and simulation~; this establishes fail-safe layered QKD-PQC design as a real, evaluated pattern, tho..."
Related Work and Research Gap,Adaptive Fallback in Critical Infrastructure,nist2025cryptoagility,S,Adaptive and staged migration to quantum-safe cryptography is an active concern beyond any single evaluated mechanism: NIST's own guidance on cryptographic agility~ and an IETF Internet-Draft addressing PQC migration specifically for telecom networks~ both treat the ability to change cryptographi...
Related Work and Research Gap,Adaptive Fallback in Critical Infrastructure,ietf2026telecompqc,S,Adaptive and staged migration to quantum-safe cryptography is an active concern beyond any single evaluated mechanism: NIST's own guidance on cryptographic agility~ and an IETF Internet-Draft addressing PQC migration specifically for telecom networks~ both treat the ability to change cryptographi...
Related Work and Research Gap,Adaptive Fallback in Critical Infrastructure,pqcmigrationframework2023,S,"General frameworks for staged PQC migration with security-dependency analysis~ and strategic quantum-readiness architectures for risk management~ address the same adaptivity concern at an organizational planning level, again a different timescale and granularity from this paper's per-transaction ..."
Related Work and Research Gap,Adaptive Fallback in Critical Infrastructure,quasar2025,S,"General frameworks for staged PQC migration with security-dependency analysis~ and strategic quantum-readiness architectures for risk management~ address the same adaptivity concern at an organizational planning level, again a different timescale and granularity from this paper's per-transaction ..."
Related Work and Research Gap,Adaptive Fallback in Critical Infrastructure,scadacosim2025,S,"Closer to this paper's own domain analogy, adaptive and QKD-aware mechanisms have also been proposed for other critical-infrastructure sectors beyond power-grid communications: a dynamic-key-aware co-simulation framework for QKD-secured SCADA (industrial control) systems~ and a quantum-based sign..."
Related Work and Research Gap,Adaptive Fallback in Critical Infrastructure,scadasigncryption2022,S,"Closer to this paper's own domain analogy, adaptive and QKD-aware mechanisms have also been proposed for other critical-infrastructure sectors beyond power-grid communications: a dynamic-key-aware co-simulation framework for QKD-secured SCADA (industrial control) systems~ and a quantum-based sign..."
Related Work and Research Gap,Adaptive Fallback in Critical Infrastructure,financialquantumsafe2025,S,"Closer to this paper's own domain analogy, adaptive and QKD-aware mechanisms have also been proposed for other critical-infrastructure sectors beyond power-grid communications: a dynamic-key-aware co-simulation framework for QKD-secured SCADA (industrial control) systems~ and a quantum-based sign..."
Related Work and Research Gap,Adaptive Fallback in Critical Infrastructure,zeng2024hybridqkdpqc,V,"A closely related conceptual precedent, identified in a later search pass, is Zeng et al.'s proposal for hybrid QKD-PQC key-distribution networks~, which introduces both a series-connection protocol (short-distance QKD feeding into long-distance PQC-based key encapsulation between data centers) a..."
Related Work and Research Gap,Independent Empirical Measurements of PQC Overhead in Adjacent Protocols,kempf2024quicpqc,V,"Kempf et al.\ measure the cost of integrating ML-KEM- and ML-DSA-class post-quantum algorithms into the QUIC transport protocol, finding that Kyber and Dilithium have a comparatively low impact on handshake duration while SPHINCS+ and other large-signature schemes significantly increase it~, a fi..."
Related Work and Research Gap,Independent Empirical Measurements of PQC Overhead in Adjacent Protocols,chou2026certchain,V,"Chou and Cao measure post-quantum certificate chain sizes against Time to First Byte in TLS deployments, identifying discrete bandwidth-flight-window thresholds (empirically, around 10\,KB and 40\,KB in their setup) beyond which an additional network round trip is incurred, and find that end-to-e..."
Related Work and Research Gap,Independent Empirical Measurements of PQC Overhead in Adjacent Protocols,goertzen2022dnssec,V,"Goertzen and Stebila measure Falcon, Dilithium, and SPHINCS+ signature overhead specifically in the context of DNSSEC, a protocol with an even tighter packet-size constraint than TLS or QUIC, and propose a request-based fragmentation mechanism to mitigate the resulting latency penalty~."
Related Work and Research Gap,Independent Empirical Measurements of PQC Overhead in Adjacent Protocols,sikeridis2020tlsoverhead,S,"Sikeridis et al.\ provided one of the earliest systematic overhead assessments of PQC in TLS 1.3 and SSH~, and more recent work compares post-quantum handshake performance directly between QUIC and TLS~."
Related Work and Research Gap,Independent Empirical Measurements of PQC Overhead in Adjacent Protocols,quictlscomparative2025,S,"Sikeridis et al.\ provided one of the earliest systematic overhead assessments of PQC in TLS 1.3 and SSH~, and more recent work compares post-quantum handshake performance directly between QUIC and TLS~."
Related Work and Research Gap,Independent Empirical Measurements of PQC Overhead in Adjacent Protocols,corednspqc2025,S,"Independent of Goertzen and Stebila's DNSSEC fragmentation proposal, a real post-quantum DNSSEC implementation in the CoreDNS server has been built and evaluated~, alongside a broader system-level study spanning DNSSEC, DNS-over-TLS, and DNS-over-HTTPS using ML-KEM and FALCON in a containerized t..."
Related Work and Research Gap,Independent Empirical Measurements of PQC Overhead in Adjacent Protocols,dnssystemstudy2025,S,"Independent of Goertzen and Stebila's DNSSEC fragmentation proposal, a real post-quantum DNSSEC implementation in the CoreDNS server has been built and evaluated~, alongside a broader system-level study spanning DNSSEC, DNS-over-TLS, and DNS-over-HTTPS using ML-KEM and FALCON in a containerized t..."
Related Work and Research Gap,Independent Empirical Measurements of PQC Overhead in Adjacent Protocols,ipsecpqcicisc2022,S,"Beyond DNS, PQC overhead has been measured in IPsec directly~, in IKEv2 specifically under constrained and Internet-scale network conditions~, and in a hybrid post-quantum IKEv2 implementation running on embedded automotive platforms~ --- the last of these a direct empirical counterpart to this p..."
Related Work and Research Gap,Independent Empirical Measurements of PQC Overhead in Adjacent Protocols,ikev2constrained2024,S,"Beyond DNS, PQC overhead has been measured in IPsec directly~, in IKEv2 specifically under constrained and Internet-scale network conditions~, and in a hybrid post-quantum IKEv2 implementation running on embedded automotive platforms~ --- the last of these a direct empirical counterpart to this p..."
Related Work and Research Gap,Independent Empirical Measurements of PQC Overhead in Adjacent Protocols,automotiveikev2hybrid2026,S,"Beyond DNS, PQC overhead has been measured in IPsec directly~, in IKEv2 specifically under constrained and Internet-scale network conditions~, and in a hybrid post-quantum IKEv2 implementation running on embedded automotive platforms~ --- the last of these a direct empirical counterpart to this p..."
Related Work and Research Gap,Independent Empirical Measurements of PQC Overhead in Adjacent Protocols,pqreadinessinternet2026,S,"At Internet scale, a large-scale measurement study of real-world PQC and hybrid TLS adoption across tens of thousands of domains provides an empirical baseline for how far post-quantum deployment has actually progressed in production infrastructure, as opposed to laboratory or simulation settings~."
Related Work and Research Gap,Broader Literature Landscape,yamauchi2026tensorqml,S,"Yamauchi et al.\ propose a privacy-preserving federated learning framework combining tensor-network representation learning, multi-party-computation-secured aggregation, and quantum-enhanced feature refinement for medical image classification (pneumonia detection on chest X-rays)~."
Related Work and Research Gap,Detailed Comparison,roosan2025pqctelehealth,S,\\ \midrule Roosan et al.~ & Blockchain-ledger & ABE + contracts & Not addressed & Not primary metric & \checkmark \\ Papadopoulos et al.~ & Unclear (field pilot) & Unclear & Unverified & Unverified & Unverified \\ Spooren et al.~ & \checkmark (explicit) & \checkmark & \checkmark (fail-safe desig...
Related Work and Research Gap,Detailed Comparison,papadopoulos2026hybriddeployment,S,\\ \midrule Roosan et al.~ & Blockchain-ledger & ABE + contracts & Not addressed & Not primary metric & \checkmark \\ Papadopoulos et al.~ & Unclear (field pilot) & Unclear & Unverified & Unverified & Unverified \\ Spooren et al.~ & \checkmark (explicit) & \checkmark & \checkmark (fail-safe desig...
Related Work and Research Gap,Detailed Comparison,spooren2026pqcenhanced,S,\\ \midrule Roosan et al.~ & Blockchain-ledger & ABE + contracts & Not addressed & Not primary metric & \checkmark \\ Papadopoulos et al.~ & Unclear (field pilot) & Unclear & Unverified & Unverified & Unverified \\ Spooren et al.~ & \checkmark (explicit) & \checkmark & \checkmark (fail-safe desig...
Related Work and Research Gap,Detailed Comparison,atutxasanz2025authentication,S,\\ \midrule Roosan et al.~ & Blockchain-ledger & ABE + contracts & Not addressed & Not primary metric & \checkmark \\ Papadopoulos et al.~ & Unclear (field pilot) & Unclear & Unverified & Unverified & Unverified \\ Spooren et al.~ & \checkmark (explicit) & \checkmark & \checkmark (fail-safe desig...
Related Work and Research Gap,Detailed Comparison,zhu2025technoeconomic,S,\\ \midrule Roosan et al.~ & Blockchain-ledger & ABE + contracts & Not addressed & Not primary metric & \checkmark \\ Papadopoulos et al.~ & Unclear (field pilot) & Unclear & Unverified & Unverified & Unverified \\ Spooren et al.~ & \checkmark (explicit) & \checkmark & \checkmark (fail-safe desig...
Related Work and Research Gap,Research Gap,zhu2025technoeconomic,S,Zhu~ provides the fallback-mechanism evaluation methodology but for a different traffic class; Devaraj et al.~ and the healthcare-QKD deployments~ provide the healthcare-application and field-viability grounding but not the adaptive-fallback evaluation.
Related Work and Research Gap,Research Gap,devaraj2026postquantum,V,Zhu~ provides the fallback-mechanism evaluation methodology but for a different traffic class; Devaraj et al.~ and the healthcare-QKD deployments~ provide the healthcare-application and field-viability grounding but not the adaptive-fallback evaluation.
Related Work and Research Gap,Research Gap,roosan2025pqctelehealth,S,Zhu~ provides the fallback-mechanism evaluation methodology but for a different traffic class; Devaraj et al.~ and the healthcare-QKD deployments~ provide the healthcare-application and field-viability grounding but not the adaptive-fallback evaluation.
Related Work and Research Gap,Research Gap,papadopoulos2026hybriddeployment,S,Zhu~ provides the fallback-mechanism evaluation methodology but for a different traffic class; Devaraj et al.~ and the healthcare-QKD deployments~ provide the healthcare-application and field-viability grounding but not the adaptive-fallback evaluation.
Related Work and Research Gap,Research Gap,anon2026securemedical,S,Zhu~ provides the fallback-mechanism evaluation methodology but for a different traffic class; Devaraj et al.~ and the healthcare-QKD deployments~ provide the healthcare-application and field-viability grounding but not the adaptive-fallback evaluation.
Related Work and Research Gap,Research Gap,devaraj2026postquantum,V,"\cmark\ = explicit/evaluated, \xmark\ = absent, --- = not applicable/not established from the available source.} \label{tab:gap} \small \begin{tabular}{@{}p{0.30\linewidth}ccc@{}} \toprule Source & Hybrid QKD-PQC & Adaptive fallback & EHR + 6G-edge \\ \midrule Devaraj et al.~ & PQC-only & --- & \..."
Related Work and Research Gap,Research Gap,roosan2025pqctelehealth,S,"\cmark\ = explicit/evaluated, \xmark\ = absent, --- = not applicable/not established from the available source.} \label{tab:gap} \small \begin{tabular}{@{}p{0.30\linewidth}ccc@{}} \toprule Source & Hybrid QKD-PQC & Adaptive fallback & EHR + 6G-edge \\ \midrule Devaraj et al.~ & PQC-only & --- & \..."
Related Work and Research Gap,Research Gap,papadopoulos2026hybriddeployment,S,"\cmark\ = explicit/evaluated, \xmark\ = absent, --- = not applicable/not established from the available source.} \label{tab:gap} \small \begin{tabular}{@{}p{0.30\linewidth}ccc@{}} \toprule Source & Hybrid QKD-PQC & Adaptive fallback & EHR + 6G-edge \\ \midrule Devaraj et al.~ & PQC-only & --- & \..."
Related Work and Research Gap,Research Gap,spooren2026pqcenhanced,S,"\cmark\ = explicit/evaluated, \xmark\ = absent, --- = not applicable/not established from the available source.} \label{tab:gap} \small \begin{tabular}{@{}p{0.30\linewidth}ccc@{}} \toprule Source & Hybrid QKD-PQC & Adaptive fallback & EHR + 6G-edge \\ \midrule Devaraj et al.~ & PQC-only & --- & \..."
Related Work and Research Gap,Research Gap,zhu2025technoeconomic,S,"\cmark\ = explicit/evaluated, \xmark\ = absent, --- = not applicable/not established from the available source.} \label{tab:gap} \small \begin{tabular}{@{}p{0.30\linewidth}ccc@{}} \toprule Source & Hybrid QKD-PQC & Adaptive fallback & EHR + 6G-edge \\ \midrule Devaraj et al.~ & PQC-only & --- & \..."
System Architecture,Trust Boundaries,atutxasanz2025authentication,S,\textbf{QKD subsystem to classical network}: the authenticated classical control channel is itself the trust anchor for QKD's entire security guarantee; an unauthenticated classical channel would let a man-in-the-middle defeat QKD regardless of the quantum channel's own physical security (Threat ...
Adaptive Key-Establishment Mechanism,Inputs,zhu2025technoeconomic,S,"Criticality is the input that differentiates this policy from a direct transplant of the power-grid mechanism in~, which has no criticality axis; it is also the input most directly responsible for this paper's second hypothesis (Section~\ref{sec:discussion}) being testable at all."
Cryptographic Design,,nist2024fips203,STD,NIST FIPS 203~.
Cryptographic Design,,nist2024fips204,STD,NIST FIPS 204~.
Cryptographic Design,,krawczyk2010hkdf,STD,\\ HKDF (SHA-256) & Session-key derivation from one or two input secrets~.
Cryptographic Design,Algorithm Selection Rationale,devaraj2026postquantum,V,"ML-KEM-768 and ML-DSA-65 --- NIST security category 3, roughly equivalent to AES-192 --- were selected over the lighter category-1 parameter sets (ML-KEM-512, ML-DSA-44) and the heavier category-5 sets (ML-KEM-1024, ML-DSA-87) as a middle-ground default consistent with the parameter choice report..."
Cryptographic Design,Algorithm Selection Rationale,nist2024fips203,STD,"ML-KEM and ML-DSA were selected as the KEM/signature pair over alternative NIST-selected or round-4 candidate schemes because they are the primary NIST-standardized choices~, pair naturally as a matched KEM/signature combination at the same security category, and appear as the PQC layer in the mo..."
Cryptographic Design,Algorithm Selection Rationale,nist2024fips204,STD,"ML-KEM and ML-DSA were selected as the KEM/signature pair over alternative NIST-selected or round-4 candidate schemes because they are the primary NIST-standardized choices~, pair naturally as a matched KEM/signature combination at the same security category, and appear as the PQC layer in the mo..."
Cryptographic Design,Algorithm Selection Rationale,devaraj2026postquantum,V,"ML-KEM and ML-DSA were selected as the KEM/signature pair over alternative NIST-selected or round-4 candidate schemes because they are the primary NIST-standardized choices~, pair naturally as a matched KEM/signature combination at the same security category, and appear as the PQC layer in the mo..."
Cryptographic Design,Algorithm Selection Rationale,kudaloor2026towardquantumsafe,S,"ML-KEM and ML-DSA were selected as the KEM/signature pair over alternative NIST-selected or round-4 candidate schemes because they are the primary NIST-standardized choices~, pair naturally as a matched KEM/signature combination at the same security category, and appear as the PQC layer in the mo..."
Cryptographic Design,Alternative Constructions Considered,spooren2026pqcenhanced,S,"A cascade or nested combiner, $K = \mathrm{KDF}_2(\text{secret}_1, \mathrm{KDF}_1(\text{secret}_2))$, was considered as an alternative to flat concatenation-then-extract-then-expand; it is structurally closer to how a layered construction combining a PQC-derived pre-shared key with an existing ha..."
Cryptographic Design,Alternative Constructions Considered,threewayhybrid2025,S,"A cascade or nested combiner, $K = \mathrm{KDF}_2(\text{secret}_1, \mathrm{KDF}_1(\text{secret}_2))$, was considered as an alternative to flat concatenation-then-extract-then-expand; it is structurally closer to how a layered construction combining a PQC-derived pre-shared key with an existing ha..."
Cryptographic Design,Alternative Constructions Considered,ietf2026tlshybrid,S,A deployed industry precedent for the flat-concatenation approach this paper ultimately uses exists in two IETF Internet-Drafts specifying hybrid post-quantum/classical TLS 1.3 key exchange via concatenation of a classical and a post-quantum shared secret fed into TLS's existing key schedule~.
Cryptographic Design,Alternative Constructions Considered,ietf2026mlkemtls,S,A deployed industry precedent for the flat-concatenation approach this paper ultimately uses exists in two IETF Internet-Drafts specifying hybrid post-quantum/classical TLS 1.3 key exchange via concatenation of a classical and a post-quantum shared secret fed into TLS's existing key schedule~.
Cryptographic Design,Alternative Constructions Considered,focombiners2021,S,The formal security analysis itself is addressed directly by two independent treatments of KEM-combiner security~ and by a formal random-oracle-model security proof specifically for CPA-secure-KEM-based hybrid TLS 1.3 handshakes~; a real hardware integration of QKD with PQC in a hybrid quantum-sa...
Cryptographic Design,Alternative Constructions Considered,bestofbothkems2025,S,The formal security analysis itself is addressed directly by two independent treatments of KEM-combiner security~ and by a formal random-oracle-model security proof specifically for CPA-secure-KEM-based hybrid TLS 1.3 handshakes~; a real hardware integration of QKD with PQC in a hybrid quantum-sa...
Cryptographic Design,Alternative Constructions Considered,chen2025tls13hybrid,S,The formal security analysis itself is addressed directly by two independent treatments of KEM-combiner security~ and by a formal random-oracle-model security proof specifically for CPA-secure-KEM-based hybrid TLS 1.3 handshakes~; a real hardware integration of QKD with PQC in a hybrid quantum-sa...
Cryptographic Design,Alternative Constructions Considered,garms2024hybridqkdpqc,S,The formal security analysis itself is addressed directly by two independent treatments of KEM-combiner security~ and by a formal random-oracle-model security proof specifically for CPA-secure-KEM-based hybrid TLS 1.3 handshakes~; a real hardware integration of QKD with PQC in a hybrid quantum-sa...
Cryptographic Design,Alternative Constructions Considered,deployinghybrid2023,S,The formal security analysis itself is addressed directly by two independent treatments of KEM-combiner security~ and by a formal random-oracle-model security proof specifically for CPA-secure-KEM-based hybrid TLS 1.3 handshakes~; a real hardware integration of QKD with PQC in a hybrid quantum-sa...
Cryptographic Design,Alternative Constructions Considered,combinedqpq2025finitekeys,S,The formal security analysis itself is addressed directly by two independent treatments of KEM-combiner security~ and by a formal random-oracle-model security proof specifically for CPA-secure-KEM-based hybrid TLS 1.3 handshakes~; a real hardware integration of QKD with PQC in a hybrid quantum-sa...
Cryptographic Design,Hybrid Key Derivation,krawczyk2010hkdf,STD,"The hybrid construction combines a QKD-derived secret $K_{\text{QKD}}$ with an ML-KEM shared secret $K_{\text{PQC}}$ via HKDF-Extract-then-Expand~: \begin{align} IKM &= K_{\text{QKD}} \,\|\, K_{\text{PQC}} \label{eq:ikm}\\ PRK &= \mathrm{HKDF\text{-}Extract}(salt, IKM) \label{eq:extract}\\ K_{\te..."
Cryptographic Design,Hybrid Key Derivation,krawczyk2010hkdf,STD,"No independent salt source is modeled; $salt = \mathrm{null}$, which HKDF's specification treats as a string of zeros~."
Cryptographic Design,Explicit Security Claim Boundary,focombiners2021,S,"Whether HKDF over a QKD secret and a KEM secret achieves the standard hybrid-combiner property (the session key remains secure if at least one input remains unbroken) is treated in this paper as a design assumption resting on the general hybrid-key-exchange literature~, not independently re-deriv..."
Cryptographic Design,Explicit Security Claim Boundary,bestofbothkems2025,S,"Whether HKDF over a QKD secret and a KEM secret achieves the standard hybrid-combiner property (the session key remains secure if at least one input remains unbroken) is treated in this paper as a design assumption resting on the general hybrid-key-exchange literature~, not independently re-deriv..."
Cryptographic Design,Explicit Security Claim Boundary,ietf2026kemcombiners,S,Alignment with formal composite-KEM standardization efforts currently under discussion in relevant standards bodies --- specifically an IETF combiner-function draft for hybrid KEMs~ and a companion draft specifying composite ML-KEM constructions for X.509 public-key infrastructure~ --- is a natur...
Cryptographic Design,Explicit Security Claim Boundary,ietf2026compositemlkem,S,Alignment with formal composite-KEM standardization efforts currently under discussion in relevant standards bodies --- specifically an IETF combiner-function draft for hybrid KEMs~ and a companion draft specifying composite ML-KEM constructions for X.509 public-key infrastructure~ --- is a natur...
Cryptographic Design,Novelty Guardrails,zhu2025technoeconomic,S,"The mode-synchronization handshake (Section~\ref{sec:architecture}) is protocol plumbing specific to this system's integration of an already-known idea --- availability-aware fallback, established in the power-grid domain by~ and as a fail-safe layered pattern by~ --- into a new application conte..."
Cryptographic Design,Novelty Guardrails,spooren2026pqcenhanced,S,"The mode-synchronization handshake (Section~\ref{sec:architecture}) is protocol plumbing specific to this system's integration of an already-known idea --- availability-aware fallback, established in the power-grid domain by~ and as a fail-safe layered pattern by~ --- into a new application conte..."
Simulation Implementation,,simpy2024paper,S,"The system is implemented as a discrete-event simulation (using the SimPy library~) orchestrating simulated device/client transaction arrivals for one experiment cell, where a cell is one specific combination of baseline, QKD availability level, device count, payload class, and network load."
Simulation Implementation,,despowergridrisk2024,S,"Discrete-event simulation is an established methodology for evaluating security-system behavior specifically, not merely general system performance: it has been applied to topology-informed cyber-risk assessment of power-grid systems~ (methodologically adjacent to the Zhu power-grid evaluation th..."
Simulation Implementation,,desattackerinteraction2015,S,"Discrete-event simulation is an established methodology for evaluating security-system behavior specifically, not merely general system performance: it has been applied to topology-informed cyber-risk assessment of power-grid systems~ (methodologically adjacent to the Zhu power-grid evaluation th..."
Simulation Implementation,QKD Pool Model,dervisevic2024qkdkeymgmt,S,"This pool-and-buffer abstraction is consistent with how the QKD-networking literature itself generally treats key management: a recent survey of key-management approaches across QKD networks explicitly frames the problem in terms of buffer levels, replenishment rates, and consumption policies~, t..."
Simulation Implementation,QKD Pool Model,quiks2026adaptivebuffer,S,"Adaptive buffering strategies aimed specifically at minimizing consumer-facing key-supply latency in QKD networks have also been proposed~, a goal directly analogous to this paper's own bounded-wait policy (Algorithm~\ref{alg:selectmode}), and dedicated quantum-key-storage architectures for effic..."
Simulation Implementation,QKD Pool Model,quantumkeystorage2024,S,"Adaptive buffering strategies aimed specifically at minimizing consumer-facing key-supply latency in QKD networks have also been proposed~, a goal directly analogous to this paper's own bounded-wait policy (Algorithm~\ref{alg:selectmode}), and dedicated quantum-key-storage architectures for effic..."
Simulation Implementation,QKD Pool Model,nist2020sp80057,S,"More generally, the key-lifecycle stages this paper's Key-Management Component orchestrates --- generation, pooling, rotation, expiration, destruction (Table~\ref{tab:components}) --- follow the same general-purpose key-management lifecycle NIST specifies for cryptographic keys broadly, independe..."
Simulation Implementation,QKD Pool Model,clason2026deployed,S,"All QKD pool parameters --- capacity, generation rate, and the mapping from a configured ``availability level'' label to a concrete generation rate --- are modeled assumptions and explicit sensitivity variables, not literature-measured facts; the deployed 300\,km trusted-node network reported in~..."
Discussion,Contribution Fulfillment,zhu2025technoeconomic,S,\begin{table*}[t] \centering \caption{Contribution fulfillment.} \label{tab:contribfulfillment} \small \begin{tabular}{@{}p{0.06\linewidth}p{0.30\linewidth}p{0.56\linewidth}@{}} \toprule \# & Claimed & Delivered \\ \midrule C1 & Adaptive QKD-PQC \keyest\ architecture for EHR sharing in a simulate...
Discussion,Hypothesis Evaluation,zhu2025technoeconomic,S,"\textbf{H3 (scalability)} predicted that fallback frequency would scale with device count in a pattern broadly consistent with~'s power-grid findings, with different numeric thresholds."
Discussion,Hypothesis Evaluation,zhu2025technoeconomic,S,"This is a mechanical consequence of Equation~\eqref{eq:qkdpool} rather than an emergent property specific to this workload, which is itself worth noting: the same qualitative scaling relationship should be expected from any fixed-capacity, fixed-rate pool model regardless of the traffic riding on..."
Discussion,Hypothesis Evaluation,zhu2025technoeconomic,S,"We did not, however, obtain the specific numeric thresholds reported in~ at sufficient confidence (that source is cited at the partial-verification tier described in Section~\ref{sec:related}) to perform the direct numeric comparison C3 originally specified; this remains open, and Section~\ref{se..."
Discussion,Interpreting the Overhead Result,zhu2025technoeconomic,S,\begin{table*}[t] \centering \caption{Hypothesis evaluation summary.} \label{tab:hypothesissummary} \small \begin{tabular}{@{}p{0.06\linewidth}p{0.40\linewidth}p{0.46\linewidth}@{}} \toprule \# & Prediction & Status \\ \midrule H1 & Adaptive mechanism degrades gracefully; static hybrid shows a sh...
Threats to Validity and Limitations,"This Is a Simulation Study, Not a Hardware Study",conti2025pqcan,V,"Closing this specific gap would require a study structured more like Conti et al.'s PQ-CAN framework, which simulates (also without physical hardware, but with explicit CPU-frequency and network-bit-rate constraints modeling real embedded automotive controllers) the feasibility of several PQC key..."
Threats to Validity and Limitations,"This Is a Simulation Study, Not a Hardware Study",kannwischer2019pqm4,S,"The pqm4 benchmarking framework for NIST PQC algorithms on ARM Cortex-M4 microcontrollers~, and its subsequent extension to additional post-quantum signature schemes~, established the de facto standard methodology for this kind of measurement; optimized ML-KEM/ML-DSA-equivalent implementations ha..."
Threats to Validity and Limitations,"This Is a Simulation Study, Not a Hardware Study",pqm4update2024,S,"The pqm4 benchmarking framework for NIST PQC algorithms on ARM Cortex-M4 microcontrollers~, and its subsequent extension to additional post-quantum signature schemes~, established the de facto standard methodology for this kind of measurement; optimized ML-KEM/ML-DSA-equivalent implementations ha..."
Threats to Validity and Limitations,"This Is a Simulation Study, Not a Hardware Study",fasterkyberdilithiumm42022,S,"The pqm4 benchmarking framework for NIST PQC algorithms on ARM Cortex-M4 microcontrollers~, and its subsequent extension to additional post-quantum signature schemes~, established the de facto standard methodology for this kind of measurement; optimized ML-KEM/ML-DSA-equivalent implementations ha..."
Threats to Validity and Limitations,"This Is a Simulation Study, Not a Hardware Study",compactdilithiumm3m42020,S,"The pqm4 benchmarking framework for NIST PQC algorithms on ARM Cortex-M4 microcontrollers~, and its subsequent extension to additional post-quantum signature schemes~, established the de facto standard methodology for this kind of measurement; optimized ML-KEM/ML-DSA-equivalent implementations ha..."
Threats to Validity and Limitations,"This Is a Simulation Study, Not a Hardware Study",risqv2020,S,"The pqm4 benchmarking framework for NIST PQC algorithms on ARM Cortex-M4 microcontrollers~, and its subsequent extension to additional post-quantum signature schemes~, established the de facto standard methodology for this kind of measurement; optimized ML-KEM/ML-DSA-equivalent implementations ha..."
Threats to Validity and Limitations,"This Is a Simulation Study, Not a Hardware Study",embeddedpqccomplexity2025,S,"More recent surveys and comparative studies address the complexity and optimization strategies PQC requires specifically in embedded contexts~, compare software-only STM32 implementations against FPGA-SoC-accelerated alternatives~, and evaluate PQC algorithms broadly across resource-constrained d..."
Threats to Validity and Limitations,"This Is a Simulation Study, Not a Hardware Study",stm32fpgacomparison2026,S,"More recent surveys and comparative studies address the complexity and optimization strategies PQC requires specifically in embedded contexts~, compare software-only STM32 implementations against FPGA-SoC-accelerated alternatives~, and evaluate PQC algorithms broadly across resource-constrained d..."
Threats to Validity and Limitations,"This Is a Simulation Study, Not a Hardware Study",resourceconstrainedpqceval2025,S,"More recent surveys and comparative studies address the complexity and optimization strategies PQC requires specifically in embedded contexts~, compare software-only STM32 implementations against FPGA-SoC-accelerated alternatives~, and evaluate PQC algorithms broadly across resource-constrained d..."
Security Considerations,,atutxasanz2025authentication,S,"\textbf{T3 (classical-channel MITM against QKD).} Addressed by authenticating the QKD classical control channel with ML-DSA independently of the quantum channel's own security, following the design assumption grounded in~ (Section~\ref{sec:related})."
Security Considerations,Residual Risk Summary,atutxasanz2025authentication,S,"For T3, the residual risk is entirely concentrated in one dependency: if the specific claim in~ that ML-DSA-based classical-channel authentication is sound in this configuration does not hold up under independent verification (a source we hold at partial-verification confidence, Section~\ref{sec:..."
Future Work,Generalizability Beyond EHR Workloads,zhu2025technoeconomic,S,"The closest evaluated precedent, Zhu's power-grid analysis~ (Section~\ref{sec:related}), already applies a structurally similar pattern to GOOSE/PMU-class grid-protection traffic, which shares EHR's combination of a hard latency-sensitive message class (grid protection trip commands; this paper's..."
Future Work,Generalizability Beyond EHR Workloads,zhu2025technoeconomic,S,"Directly motivated by the limitations in Section~\ref{sec:limitations}: (1) extend the network model so the three simulated hops carry independently configured parameters, giving a realistic access-versus-backbone distinction; (2) collect throughput and CPU/memory metrics, and decompose communica..."
